job_title,company,location,required_skills,years_experience,job_description,url
AI Applications Ops Lead  IPS,scaleai,Doha  Qatar; London  UK,Python; SQL; Machine Learning,7,AI Applications Ops Lead  IPS role at scaleai. Public job posting collected from Greenhouse board.,https://job-boards.greenhouse.io/scaleai/jobs/4654510005
AI Deployment Strategist  Enterprise,scaleai,San Francisco  CA; New York  NY,Python; SQL; Machine Learning,2,AI Deployment Strategist  Enterprise role at scaleai. Public job posting collected from Greenhouse board.,https://job-boards.greenhouse.io/scaleai/jobs/4624152005
AI Infrastructure Engineer  Core Infrastructure,scaleai,San Francisco  CA; Seattle  WA; New York  NY,Python; SQL; Machine Learning,2,AI Infrastructure Engineer  Core Infrastructure role at scaleai. Public job posting collected from Greenhouse board.,https://job-boards.greenhouse.io/scaleai/jobs/4624681005
AI Infrastructure Engineer  Model Serving Platform,scaleai,San Francisco  CA; New York  NY,Python; SQL; Machine Learning,2,AI Infrastructure Engineer  Model Serving Platform role at scaleai. Public job posting collected from Greenhouse board.,https://job-boards.greenhouse.io/scaleai/jobs/4520320005
AI Product Manager,scaleai,San Francisco  CA,Python; SQL; Machine Learning,2,AI Product Manager role at scaleai. Public job posting collected from Greenhouse board.,https://job-boards.greenhouse.io/scaleai/jobs/4609736005
AI Product Manager  Insights,scaleai,San Francisco  CA,Python; SQL; Machine Learning,2,AI Product Manager  Insights role at scaleai. Public job posting collected from Greenhouse board.,https://job-boards.greenhouse.io/scaleai/jobs/4651491005
AI Research Engineer  Enterprise Evaluations,scaleai,San Francisco  CA; New York  NY,Python; SQL; Machine Learning,2,AI Research Engineer  Enterprise Evaluations role at scaleai. Public job posting collected from Greenhouse board.,https://job-boards.greenhouse.io/scaleai/jobs/4629589005
AI Strategy Consultant  Frontier Tech,scaleai,San Francisco  CA,Python; SQL; Machine Learning,2,AI Strategy Consultant  Frontier Tech role at scaleai. Public job posting collected from Greenhouse board.,https://job-boards.greenhouse.io/scaleai/jobs/4472223005
Analytics & Systems Lead  Finance,scaleai,San Francisco  CA,Python; SQL; Machine Learning,7,Analytics & Systems Lead  Finance role at scaleai. Public job posting collected from Greenhouse board.,https://job-boards.greenhouse.io/scaleai/jobs/4673090005
Applied AI Engineer  Enterprise,scaleai,London  UK,Python; SQL; Machine Learning,2,Applied AI Engineer  Enterprise role at scaleai. Public job posting collected from Greenhouse board.,https://job-boards.greenhouse.io/scaleai/jobs/4536659005
Applied AI Engineer  Enterprise GenAI,scaleai,San Francisco  CA; New York  NY,Python; SQL; Machine Learning,2,Applied AI Engineer  Enterprise GenAI role at scaleai. Public job posting collected from Greenhouse board.,https://job-boards.greenhouse.io/scaleai/jobs/4514173005
Applied AI Engineer  International Public Sector,scaleai,Doha  Qatar; London  UK,Python; SQL; Machine Learning,0,Applied AI Engineer  International Public Sector role at scaleai. Public job posting collected from Greenhouse board.,https://job-boards.greenhouse.io/scaleai/jobs/4413992005
Data Analyst  GenAI Marketplace,scaleai,San Francisco  CA; New York  NY,Python; SQL; Machine Learning,2,Data Analyst  GenAI Marketplace role at scaleai. Public job posting collected from Greenhouse board.,https://job-boards.greenhouse.io/scaleai/jobs/4631695005
Director  Applied AI Engineering- Enterprise,scaleai,San Francisco  CA; New York  NY,Python; SQL; Machine Learning,2,Director  Applied AI Engineering- Enterprise role at scaleai. Public job posting collected from Greenhouse board.,https://job-boards.greenhouse.io/scaleai/jobs/4591411005
Engineering Manager  GenAI,scaleai,San Francisco  CA; New York  NY,Python; SQL; Machine Learning,2,Engineering Manager  GenAI role at scaleai. Public job posting collected from Greenhouse board.,https://job-boards.greenhouse.io/scaleai/jobs/4661486005
Enterprise AI Delivery Operations Lead,scaleai,New York  NY,Python; SQL; Machine Learning,7,Enterprise AI Delivery Operations Lead role at scaleai. Public job posting collected from Greenhouse board.,https://job-boards.greenhouse.io/scaleai/jobs/4672286005
Forward Deployed AI Engineering Manager  Enterprise,scaleai,San Francisco  CA; New York  NY,Python; SQL; Machine Learning,2,Forward Deployed AI Engineering Manager  Enterprise role at scaleai. Public job posting collected from Greenhouse board.,https://job-boards.greenhouse.io/scaleai/jobs/4602177005
Forward Deployed Engineer  GenAI,scaleai,San Francisco  CA; New York  NY,Python; SQL; Machine Learning,2,Forward Deployed Engineer  GenAI role at scaleai. Public job posting collected from Greenhouse board.,https://job-boards.greenhouse.io/scaleai/jobs/4593571005
Forward Deployed Engineering Manager  GenAI Applications,scaleai,Berlin  Germany; London  UK,Python; SQL; Machine Learning,2,Forward Deployed Engineering Manager  GenAI Applications role at scaleai. Public job posting collected from Greenhouse board.,https://job-boards.greenhouse.io/scaleai/jobs/4589592005
GenAI Strategic Projects Lead  Public Sector,scaleai,Washington  DC,Python; SQL; Machine Learning,7,GenAI Strategic Projects Lead  Public Sector role at scaleai. Public job posting collected from Greenhouse board.,https://job-boards.greenhouse.io/scaleai/jobs/4648363005
Head of Enterprise AI Delivery Operations,scaleai,San Francisco  CA; New York  NY,Python; SQL; Machine Learning,2,Head of Enterprise AI Delivery Operations role at scaleai. Public job posting collected from Greenhouse board.,https://job-boards.greenhouse.io/scaleai/jobs/4670212005
Infrastructure Software Engineer  Enterprise GenAI,scaleai,San Francisco  CA; New York  NY,Python; SQL; Machine Learning,2,Infrastructure Software Engineer  Enterprise GenAI role at scaleai. Public job posting collected from Greenhouse board.,https://job-boards.greenhouse.io/scaleai/jobs/4665557005
Machine Learning Engineer  International Public Sector,scaleai,Doha  Qatar; London  UK,Machine Learning,0,Machine Learning Engineer  International Public Sector role at scaleai. Public job posting collected from Greenhouse board.,https://job-boards.greenhouse.io/scaleai/jobs/4413274005
Machine Learning Fellow - Human Frontier Collective (Canada),scaleai,Canada,Machine Learning,2,Machine Learning Fellow - Human Frontier Collective (Canada) role at scaleai. Public job posting collected from Greenhouse board.,https://job-boards.greenhouse.io/scaleai/jobs/4661650005
Machine Learning Fellow - Human Frontier Collective (UK),scaleai,United Kingdom,Machine Learning,2,Machine Learning Fellow - Human Frontier Collective (UK) role at scaleai. Public job posting collected from Greenhouse board.,https://job-boards.greenhouse.io/scaleai/jobs/4661647005
Machine Learning Fellow - Human Frontier Collective (US),scaleai,United States,Machine Learning,2,Machine Learning Fellow - Human Frontier Collective (US) role at scaleai. Public job posting collected from Greenhouse board.,https://job-boards.greenhouse.io/scaleai/jobs/4660340005
Machine Learning Research Engineer  Agent Data Foundation - Enterprise GenAI,scaleai,San Francisco  CA; New York  NY,Machine Learning,2,Machine Learning Research Engineer  Agent Data Foundation - Enterprise GenAI role at scaleai. Public job posting collected from Greenhouse board.,https://job-boards.greenhouse.io/scaleai/jobs/4625345005
Machine Learning Research Engineer  Agents - Enterprise GenAI,scaleai,San Francisco  CA; New York  NY,Machine Learning,2,Machine Learning Research Engineer  Agents - Enterprise GenAI role at scaleai. Public job posting collected from Greenhouse board.,https://job-boards.greenhouse.io/scaleai/jobs/4625344005
Machine Learning Research Engineer  GenAI Applied ML,scaleai,San Francisco  CA; New York  NY,Machine Learning,2,Machine Learning Research Engineer  GenAI Applied ML role at scaleai. Public job posting collected from Greenhouse board.,https://job-boards.greenhouse.io/scaleai/jobs/4490301005
Machine Learning Research Engineer - Robotics,scaleai,San Francisco  CA,Machine Learning,2,Machine Learning Research Engineer - Robotics role at scaleai. Public job posting collected from Greenhouse board.,https://job-boards.greenhouse.io/scaleai/jobs/4600908005
